T,x(Al),x(Zn),phase_name,f(@FCC_A1#1),f(@FCC_A1#2),f(@HCP_A3),f(@Liquid),G,H,S,K,mole/mole,mole/mole,,,,,,,,
933.5980727,0.9999959115,4.088549076E-06,Liquid+FCC_A1,0,,,1,-37876.23241,28844.36709,71.46608529
933.5958984,0.9999911513,8.848671302E-06,Liquid+FCC_A1,0,,,1,-37876.55814,28844.32809,71.46655887
933.5872013,0.9999721108,2.78891792E-05,Liquid+FCC_A1,0,,,1,-37877.71056,28844.17211,71.46829196
933.4480869,0.9996674582,0.0003325417772,Liquid+FCC_A1,0,,,1,-37891.01289,28841.67699,71.49052081
929.0350483,0.9899141816,0.01008581841,Liquid+FCC_A1,0,,,1,-38067.70438,28762.46708,71.93503796
926.8563997,0.9850344084,0.01496559159,Liquid+FCC_A1,0,,,1,-38115.53967,28723.30927,72.11348916
925.7739797,0.982593753,0.01740624701,Liquid+FCC_A1,0,,,1,-38134.76161,28703.83819,72.19753555
925.2344879,0.9813732349,0.0186267651,Liquid+FCC_A1,0,,,1,-38143.419,28694.12913,72.2384963
924.9651705,0.9807629285,0.01923707151,Liquid+FCC_A1,0,,,1,-38147.52966,28689.28115,72.25873248
924.8306188,0.9804577635,0.01954223652,Liquid+FCC_A1,0,,,1,-38149.53271,28686.85879,72.26879187
924.628936,0.98,0.02,Liquid+FCC_A1,0,,,1,-38152.47449,28683.22765,72.2838098
924.4273915,0.9795422213,0.02045777873,Liquid+FCC_A1,0,,,1,-38155.33988,28679.59822,72.29874268
924.2931249,0.9792370248,0.02076297516,Liquid+FCC_A1,0,,,1,-38157.21014,28677.18019,72.30865245
924.024805,0.9786266085,0.02137339151,Liquid+FCC_A1,0,,,1,-38160.85561,28672.34736,72.32836457
923.4890179,0.9774056821,0.02259431792,Liquid+FCC_A1,0,,,1,-38167.78028,28662.69453,72.36737363
922.4208471,0.9749634561,0.02503654388,Liquid+FCC_A1,0,,,1,-38180.26439,28643.43977,72.44383556
920.2980561,0.970077526,0.02992247401,Liquid+FCC_A1,0,,,1,-38200.43548,28605.12999,72.5912274
916.1061781,0.9602998653,0.03970013466,Liquid+FCC_A1,0,,,1,-38225.45146,28529.27888,72.86789669
907.9332778,0.9407222191,0.05927778086,Liquid+FCC_A1,0,,,1,-38232.89564,28380.41055,73.36806328
900.0340694,0.9211164794,0.0788835206,Liquid+FCC_A1,0,,,1,-38203.4986,28234.87495,73.8176207
892.3996656,0.9014845054,0.09851549458,Liquid+FCC_A1,0,,,1,-38150.60662,28092.15203,74.22992321
885.021234,0.8818280541,0.1181719459,Liquid+FCC_A1,0,,,1,-38082.08281,27951.7376,74.61269614
877.8899623,0.8621487876,0.1378512124,Liquid+FCC_A1,0,,,1,-38003.07082,27813.1416,74.9709135
870.9970232,0.8424482806,0.1575517194,Liquid+FCC_A1,0,,,1,-37917.15114,27675.88631,75.30799268
864.333537,0.8227280273,0.1772719727,Liquid+FCC_A1,0,,,1,-37826.91341,27539.5044,75.6263815
857.8905309,0.8029894473,0.1970105527,Liquid+FCC_A1,0,,,1,-37734.27246,27403.53699,75.92788019
851.658896,0.7832338917,0.2167661083,Liquid+FCC_A1,0,,,1,-37640.65682,27267.53155,76.21383241
845.6293392,0.7634626494,0.2365373506,Liquid+FCC_A1,0,,,1,-37547.1276,27131.03972,76.48524517
839.7923297,0.7436769521,0.2563230479,Liquid+FCC_A1,0,,,1,-37454.45633,26993.61499,76.74286731
834.1380454,0.7238779805,0.2761220195,Liquid+FCC_A1,0,,,1,-37363.17782,26854.81032,76.9872427
828.6563037,0.7040668696,0.2959331304,Liquid+FCC_A1,0,,,1,-37273.62572,26714.17541,77.2187466
823.3364964,0.6842447143,0.3157552857,Liquid+FCC_A1,0,,,1,-37185.95755,26571.25406,77.43761134
818.1675133,0.6644125756,0.3355874244,Liquid+FCC_A1,0,,,1,-37100.17135,26425.58125,77.64394401
813.1376601,0.6445714864,0.3554285136,Liquid+FCC_A1,0,,,1,-37016.11666,26276.68002,77.83773865
808.23457,0.6247224583,0.3752775417,Liquid+FCC_A1,0,,,1,-36933.50111,26124.05826,78.01888425
803.4451087,0.6048664886,0.3951335114,Liquid+FCC_A1,0,,,1,-36851.89366,25967.20524,78.18716951
798.755273,0.5850045687,0.4149954313,Liquid+FCC_A1,0,,,1,-36770.72524,25805.58806,78.34228507
794.1500828,0.5651376929,0.4348623071,Liquid+FCC_A1,0,,,1,-36689.28724,25638.64783,78.48382367
789.6134687,0.545266869,0.454733131,Liquid+FCC_A1,0,,,1,-36606.72848,25465.79583,78.61127852
785.1281547,0.5253931311,0.4746068689,Liquid+FCC_A1,0,,,1,-36522.05088,25286.4095,78.72404015
780.6755398,0.5055175531,0.4944824469,Liquid+FCC_A1,0,,,1,-36434.10438,25099.8284,78.82139205
776.2355812,0.4856412666,0.5143587334,Liquid+FCC_A1,0,,,1,-36341.58159,24905.35036,78.90250516
771.7866876,0.4657654801,0.5342345199,Liquid+FCC_A1,0,,,1,-36243.01291,24702.22784,78.96643171
767.3056329,0.4458915016,0.5541084984,Liquid+FCC_A1,0,,,1,-36136.76322,24489.66508,79.01209857
762.7675099,0.426020764,0.573979236,Liquid+FCC_A1,0,,,1,-36021.03178,24266.81644,79.03830123
758.1457576,0.4061548507,0.5938451493,Liquid+FCC_A1,0,,,1,-35893.85819,24032.78707,79.04369927
753.4123105,0.3862955199,0.6137044801,Liquid+FCC_A1,0,,,1,-35753.13834,23786.63743,79.02681564
748.5379454,0.3664447214,0.6335552786,Liquid+FCC_A1,0,,,1,-35596.65636,23527.39373,78.98604266
743.4929094,0.3466045968,0.6533954032,Liquid+FCC_A1,0,,,1,-35422.13929,23254.06712,78.91965838
738.2478642,0.3267774564,0.6732225436,Liquid+FCC_A1,0,,,1,-35227.33677,22965.68242,78.82585512
732.7749336,0.3069657358,0.6930342642,Liquid+FCC_A1,0,,,1,-35010.10822,22661.30989,78.70277143
727.0480427,0.2871719872,0.7128280128,Liquid+FCC_A1,0,,,1,-34768.45243,22340.0757,78.54849305
721.0410383,0.267399027,0.732600973,Liquid+FCC_A1,0,,,1,-34500.35969,22001.10528,78.36095585
714.7225473,0.2476503767,0.7523496233,Liquid+FCC_A1,0,,,1,-34203.40671,21643.3689,78.13769947
708.0489884,0.2279309758,0.7720690242,Liquid+FCC_A1,0,,,1,-33874.21189,21265.47301,77.87552246
700.9586431,0.2082480089,0.7917519911,Liquid+FCC_A1,0,,,1,-33507.9861,20865.48578,77.57015683
693.3677126,0.1886118168,0.8113881832,Liquid+FCC_A1,0,,,1,-33098.25457,20440.82601,77.21599896
685.1667008,0.1690371127,0.8309628873,Liquid+FCC_A1,0,,,1,-32636.61927,19988.83418,76.80678789
676.2154436,0.1495448392,0.8504551608,Liquid+FCC_A1,0,,,1,-32112.43033,19506.52436,76.33507217
666.333121,0.1301654555,0.8698345445,Liquid+FCC_A1,0,,,1,-31512.11279,18989.20042,75.78988891
655.2820125,0.1109446926,0.8890553074,Liquid+FCC_A1,0,,,1,-30818.07939,18430.86533,75.15686952
655.2361692,0.1108700093,0.8891299907,Liquid+FCC_A1,0,,,1,-30815.15652,18428.59455,75.15420147
655.2132392,0.110832669,0.889167331,Liquid+FCC_A1,0,,,1,-30813.69443,18427.45889,75.15286684
655.2017721,0.1108139991,0.8891860009,Liquid+FCC_A1,0,,,1,-30812.96321,18426.89099,75.15219938
655.196038,0.1108046643,0.8891953357,Liquid+FCC_A1,0,,,1,-30812.59757,18426.60702,75.1518656
655.1931708,0.1107999969,0.8892000031,Liquid+FCC_A1,0,,,1,-30812.41473,18426.46503,75.15169871
655.1917296,0.1107976499,0.8892023501,Liquid+FCC_A1,0,,,1,-30812.32283,18426.39365,75.15161481
655.1917296,0.1107976499,0.8892023501,Liquid+HCP_A3,,,0,1,-30812.32283,18426.39365,75.15161481
655.3234379,0.1103335535,0.8896664465,Liquid+HCP_A3,,,0,1,-30825.4623,18424.85335,75.1542106
655.411357,0.110024164,0.889975836,Liquid+HCP_A3,,,0,1,-30834.226,18423.82745,75.15593515
655.5874689,0.1094054044,0.8905945956,Liquid+HCP_A3,,,0,1,-30851.76309,18421.77797,75.15936987
655.940787,0.1081679633,0.8918320367,Liquid+HCP_A3,,,0,1,-30886.87569,18417.68836,75.16618121
656.6518034,0.1056933952,0.8943066048,Liquid+HCP_A3,,,0,1,-30957.25143,18409.54683,75.17956702
658.0913824,0.1007455285,0.8992544715,Liquid+HCP_A3,,,0,1,-31098.57858,18393.41676,75.20535394
661.0408981,0.09085498171,0.9091450183,Liquid+HCP_A3,,,0,1,-31383.29993,18361.78636,75.25266052
667.2223247,0.07109547915,0.9289045208,Liquid+HCP_A3,,,0,1,-31958.64876,18301.18017,75.32695936
673.7809509,0.05136643066,0.9486335693,Liquid+HCP_A3,,,0,1,-32535.40494,18244.357,75.36538674
680.716033,0.03166962538,0.9683303746,Liquid+HCP_A3,,,0,1,-33100.15815,18191.59053,75.34969973
688.0252121,0.01200670031,0.9879932997,Liquid+HCP_A3,,,0,1,-33620.48769,18143.1407,75.23507494
691.8189496,0.002188437135,0.9978115629,Liquid+HCP_A3,,,0,1,-33824.73525,18120.61404,75.08517845
692.2996488,0.0009617854641,0.9990382145,Liquid+HCP_A3,,,0,1,-33840.57649,18117.88014,75.051976
692.5405371,0.0003485125271,0.9996514875,Liquid+HCP_A3,,,0,1,-33845.38761,18116.52008,75.03085365
692.6611159,4.188929903E-05,0.9999581107,Liquid+HCP_A3,,,0,1,-33845.50049,18115.84179,75.01697596
692.6761946,3.562012591E-06,0.999996438,Liquid+HCP_A3,,,0,1,-33845.03391,18115.75708,75.01454705
692.6776077,0,1,Liquid+HCP_A3,,,0,1,-33845.03391,18115.75708,75.01454705
655.1917296,0.1107976499,0.8892023501,Liquid+FCC_A1+HCP_A3,0,,0,1,-30812.32283,18426.39365,75.15161481
655.1917296,0.1103288999,0.8896711001,Liquid+FCC_A1+HCP_A3,0,,0.005445263982,0.994554736,-30815.60073,18381.4529,75.08802601
655.1917296,0.1100163999,0.8899836001,Liquid+FCC_A1+HCP_A3,0,,0.009075432515,0.9909245675,-30817.786,18351.49245,75.04563356
655.1917296,0.1093913999,0.8906086001,Liquid+FCC_A1+HCP_A3,0,,0.01633576959,0.9836642304,-30822.15653,18291.57156,74.96084867
655.1917296,0.1081413999,0.8918586001,Liquid+FCC_A1+HCP_A3,0,,0.03085644372,0.9691435563,-30830.8976,18171.72976,74.79127888
655.1917296,0.1056413999,0.8943586001,Liquid+FCC_A1+HCP_A3,0,,0.05989779201,0.940102208,-30848.37973,17932.04618,74.4521393
655.1917296,0.1006413999,0.8993586001,Liquid+FCC_A1+HCP_A3,0,,0.1179804886,0.8820195114,-30883.344,17452.67902,73.77386014
655.1917296,0.09064139987,0.9093586001,Liquid+FCC_A1+HCP_A3,0,,0.2341458817,0.7658541183,-30953.27254,16493.94469,72.41730181
655.1917296,0.07064139987,0.9293586001,Liquid+FCC_A1+HCP_A3,0,,0.466476668,0.533523332,-31093.12961,14576.47603,69.70418517
655.1917296,0.05064139987,0.9493586001,Liquid+FCC_A1+HCP_A3,0,,0.6988074542,0.3011925458,-31232.98668,12659.00736,66.99106852
655.1917296,0.03064139987,0.9693586001,Liquid+FCC_A1+HCP_A3,0,,0.9311382405,0.06886175951,-31372.84376,10741.5387,64.27795187
655.1917295,0.02564139987,0.9743586001,Liquid+FCC_A1+HCP_A3,0,,0.989220937,0.01077906305,-31407.80802,10262.17154,63.59967271
655.1917296,0.02501639987,0.9749836001,Liquid+FCC_A1+HCP_A3,0,,0.9964812741,0.003518725875,-31412.17856,10202.25064,63.51488782
655.1917296,0.02486014987,0.9751398501,Liquid+FCC_A1+HCP_A3,0,,0.9982963584,0.001703641604,-31413.27119,10187.27042,63.49369159
655.1917296,0.02478202487,0.9752179751,Liquid+FCC_A1+HCP_A3,0,,0.9992039005,0.0007960994702,-31413.81751,10179.78031,63.48309348
655.1917296,0.02474296237,0.9752570376,Liquid+FCC_A1+HCP_A3,0,,0.9996576716,0.0003423284031,-31414.09067,10176.03525,63.47779443
655.1917296,0.02472343112,0.9752765689,Liquid+FCC_A1+HCP_A3,0,,0.9998845571,0.0001154428695,-31414.22725,10174.16272,63.4751449
655.1917296,0.02471366549,0.9752863345,Liquid+FCC_A1+HCP_A3,0,,0.9999979999,2.000102745E-06,-31414.29554,10173.22646,63.47382013
655.1917296,0.02471349331,0.9752865067,Liquid+HCP_A3,,,1,0,-31414.29674,10173.20995,63.47379678
655.7941291,0.02435444668,0.9756455533,Liquid+HCP_A3,,,1,0,-31455.03537,10183.89955,63.49391231
656.1948351,0.02411470764,0.9758852924,Liquid+HCP_A3,,,1,0,-31482.13042,10190.99335,63.50724137
656.9941455,0.02363435255,0.9763656475,Liquid+HCP_A3,,,1,0,-31536.16841,10205.10433,63.53370579
658.5846189,0.0226702642,0.9773297358,Liquid+HCP_A3,,,1,0,-31643.64474,10233.02941,63.58586725
661.7349142,0.02072953508,0.9792704649,Liquid+HCP_A3,,,1,0,-31856.25953,10287.76384,63.68716908
667.9267227,0.01680451349,0.9831954865,Liquid+HCP_A3,,,1,0,-32272.47058,10393.27865,63.87788926
679.9642361,0.008820883242,0.9911791168,Liquid+HCP_A3,,,1,0,-33068.54498,10591.73791,64.20967542
691.6662795,0.000713397862,0.9992866021,Liquid+HCP_A3,,,1,0,-33793.52017,10777.99022,64.44077399
692.3891714,0.0002036418332,0.9997963582,Liquid+HCP_A3,,,1,0,-33831.74774,10789.32081,64.44506991
692.5697593,7.615491796E-05,0.9999238451,Liquid+HCP_A3,,,1,0,-33840.43688,10792.14851,64.44489495
692.6600332,1.240435787E-05,0.9999875956,Liquid+HCP_A3,,,1,0,-33844.33238,10793.56161,64.44415999
692.6713165,4.435207735E-06,0.9999955648,Liquid+HCP_A3,,,1,0,-33844.746,10793.73822,64.44396232
692.6769581,4.506040931E-07,0.9999995494,Liquid+HCP_A3,,,1,0,-33844.922,10793.82652,64.443819
692.6775857,0,1,Liquid+HCP_A3,,,1,0,-33844.922,10793.82652,64.443819
655.1917296,0.02471349331,0.9752865067,FCC_A1+HCP_A3,0,,1,,-31414.29674,10173.20995,63.47379678
654.5772441,0.02465724587,0.9753427541,FCC_A1+HCP_A3,0,,1,,-31375.69509,10154.1942,63.44536059
653.9627542,0.02460101051,0.9753989895,FCC_A1+HCP_A3,0,,1,,-31337.11058,10135.18345,63.41690526
652.7337609,0.02448857656,0.9755114234,FCC_A1+HCP_A3,0,,1,,-31259.99299,10097.17698,63.359937
650.2757194,0.02426385946,0.9757361405,FCC_A1+HCP_A3,0,,1,,-31105.96381,10021.22405,63.24576889
645.3594052,0.02381505807,0.9761849419,FCC_A1+HCP_A3,0,,1,,-30798.73124,9869.557821,63.01649706
635.5257678,0.0229202257,0.9770797743,FCC_A1+HCP_A3,0,,1,,-30187.58428,9567.180332,62.5541349
615.8537704,0.02114359779,0.9788564022,FCC_A1+HCP_A3,0,,1,,-28978.68905,8966.217865,61.61350103
596.1741881,0.01938811683,0.9806118832,FCC_A1+HCP_A3,0,,1,,-27787.91877,8370.262435,60.65036347
576.4855718,0.01765817143,0.9823418286,FCC_A1+HCP_A3,0,,1,,-26615.62325,7779.256248,59.66303613
556.7868144,0.01595736186,0.9840426381,FCC_A1+HCP_A3,0,,1,,-25462.21609,7193.137226,58.64965274
551.8604957,0.01553690928,0.9844630907,FCC_A1+HCP_A3,0,,1,,-25176.87439,7047.361889,58.39199675
551.2446613,0.01548448358,0.9845155164,FCC_A1+HCP_A3,0,,1,,-25141.29247,7029.160983,58.35966443
550.9367405,0.01545828143,0.9845417186,FCC_A1+HCP_A3,0,,1,,-25123.50869,7020.062275,58.34348774
550.7827791,0.01544518303,0.984554817,FCC_A1+HCP_A3,0,,1,,-25114.61859,7015.513357,58.33539676
550.7442887,0.01544190871,0.9845580913,FCC_A1+HCP_A3,0,,1,,-25112.39626,7014.376174,58.33337375
550.7250435,0.01544027159,0.9845597284,FCC_A1+HCP_A3,0,,1,,-25111.28512,7013.807588,58.33236219
550.7211448,0.01543993988,0.9845600601,FCC_A1+HCP_A3,0,,1,,-25111.06003,7013.692405,58.33215727
550.7211448,0.01543993988,0.9845600601,HCP_A3+FCC_A1,0,,1,,-25111.06003,7013.692405,58.33215727
549.8105223,0.01532943668,0.9846705633,HCP_A3+FCC_A1,0,,1,,-25058.73857,6986.148713,58.28351037
549.2033545,0.01525594571,0.9847440543,HCP_A3+FCC_A1,0,,1,,-25023.87537,6967.792507,58.25104238
547.9888091,0.01510939805,0.9848906019,HCP_A3+FCC_A1,0,,1,,-24954.19152,6931.095169,58.18601795
545.5588637,0.01481808112,0.9851819189,HCP_A3+FCC_A1,0,,1,,-24814.99344,6857.761125,58.05561355
540.695446,0.01424285925,0.9857571407,HCP_A3+FCC_A1,0,,1,,-24537.27272,6711.338227,57.79336812
530.9539054,0.01312398565,0.9868760143,HCP_A3+FCC_A1,0,,1,,-23984.52932,6419.493037,57.26301671
511.4099457,0.01102328508,0.9889767149,HCP_A3+FCC_A1,0,,1,,-22890.01359,5839.950606,56.1779536
491.7860682,0.00911813217,0.9908818678,HCP_A3+FCC_A1,0,,1,,-21810.85682,5266.207667,55.05862454
472.0876014,0.007416480505,0.9925835195,HCP_A3+FCC_A1,0,,1,,-20748.24842,4698.539696,53.90268255
452.3225654,0.005920419606,0.9940795804,HCP_A3+FCC_A1,0,,1,,-19703.60735,4137.168669,52.70746552
432.5003556,0.004627440821,0.9953725592,HCP_A3+FCC_A1,0,,1,,-18678.49307,3582.249155,51.46988191
412.6308518,0.003531069336,0.9964689307,HCP_A3+FCC_A1,0,,1,,-17674.55295,3033.855611,50.18628266
392.7237445,0.002621277309,0.9973787227,HCP_A3+FCC_A1,0,,1,,-16693.49028,2491.972673,48.85231215
372.7880144,0.001884845095,0.9981151549,HCP_A3+FCC_A1,0,,1,,-15737.04784,1956.489576,47.46273146
352.83155,0.001305757907,0.9986942421,HCP_A3+FCC_A1,0,,1,,-14807.0056,1427.199682,46.01120643
332.8609053,0.0008656936701,0.9991343063,HCP_A3+FCC_A1,0,,1,,-13905.19239,903.8059388,44.49005002
312.8812003,0.0005446415098,0.9994553585,HCP_A3+FCC_A1,0,,1,,-13033.51188,385.9328374,42.88990423
292.8961598,0.0003216749709,0.999678325,HCP_A3+FCC_A1,0,,1,,-12193.98307,-126.8550046,41.1993386
272.9082745,0.0001758804959,0.9998241195,HCP_A3+FCC_A1,0,,1,,-11388.79577,-635.0283255,39.40432904
252.9190469,8.740298465E-05,0.999912597,HCP_A3+FCC_A1,0,,1,,-10620.38181,-1139.064546,37.48755731
242.9242031,5.90076746E-05,0.9999409923,HCP_A3+FCC_A1,0,,1,,-10250.81259,-1389.674822,36.47696548
232.929282,3.851438729E-05,0.9999614856,HCP_A3+FCC_A1,0,,1,,-9891.504375,-1639.417962,35.42743248
222.934318,2.419326271E-05,0.9999758067,HCP_A3+FCC_A1,0,,1,,-9542.872655,-1888.342863,34.33535877
212.9393316,1.454715361E-05,0.9999854528,HCP_A3+FCC_A1,0,,1,,-9205.369323,-2136.494152,33.19666272
202.9443344,8.318948471E-06,0.9999916811,HCP_A3+FCC_A1,0,,1,,-8879.48824,-2383.911901,32.00668971
192.9493323,4.489319652E-06,0.9999955107,HCP_A3+FCC_A1,0,,1,,-8565.771789,-2630.631585,30.76009713
182.9543283,2.264596108E-06,0.9999977354,HCP_A3+FCC_A1,0,,1,,-8264.818704,-2876.684244,29.45070778
172.9593236,1.05541776E-06,0.9999989446,HCP_A3+FCC_A1,0,,1,,-7977.293549,-3122.096874,28.07132089
162.9643187,4.478767791E-07,0.9999995521,HCP_A3+FCC_A1,0,,1,,-7703.938316,-3366.89297,26.61346595
152.9696011,1E-50,1,HCP_A3+FCC_A1,0,,1.00000017,,-7445.59532,-3611.086783,25.06712778
132.9795911,1.579403042E-08,0.9999999842,HCP_A3+FCC_A1,0,,1,,-6977.810064,-4097.771499,21.65774869
112.9895825,1E-50,1,HCP_A3+FCC_A1,0,,1.000000001,,-6583.290127,-4582.279075,17.70969507
93.01575721,1E-50,1,HCP_A3+FCC_A1,0,,1,,-6274.956933,-5064.342937,13.0151496
73.02574721,1E-50,1,HCP_A3+FCC_A1,0,,1,,-6070.608169,-5544.865749,7.199411716
53.03573747,1E-50,1,HCP_A3+FCC_A1,0,,1,,-5999.214237,-6023.577339,-0.4593714137
33.04572772,1E-50,1,HCP_A3+FCC_A1,0,,1,,-6112.416857,-6500.598971,-11.74681692
13.05571798,1E-50,1,HCP_A3+FCC_A1,0,,1,,-6534.385196,-6976.05191,-33.82936997
8.058215542,1E-50,1,HCP_A3+FCC_A1,0,,1,,-6729.779432,-7094.684258,-45.28357726
5.559464324,1E-50,1,HCP_A3+FCC_A1,0,,1,,-6853.255861,-7153.967112,-54.08996865
3.060713106,1E-50,1,HCP_A3+FCC_A1,0,,1,,-7004.350172,-7213.228096,-68.24485568
1.811337497,1E-50,1,HCP_A3+FCC_A1,0,,1,,-7096.70722,-7242.850507,-80.68252735
1.186649693,1E-50,1,HCP_A3+FCC_A1,0,,1,,-7150.020111,-7257.659761,-90.70886748
1.030477742,1E-50,1,HCP_A3+FCC_A1,0,,1,,-7164.441311,-7261.361886,-94.05402134
1.010956248,1E-50,1,HCP_A3+FCC_A1,0,,1,,-7166.281789,-7261.824647,-94.50741082
1.001195501,1E-50,1,HCP_A3+FCC_A1,0,,1,,-7167.205369,-7262.056027,-94.7373991
550.7211448,0.01543993988,0.9845600601,FCC_A1+HCP_A3+FCC_A1,0,0,1,,-25111.06003,7013.692405,58.33215727
550.7211448,0.01590868988,0.9840913101,FCC_A1+HCP_A3+FCC_A1,0,0.0005584155514,0.9994415844,,-25107.77043,7014.308425,58.32730259
550.7211448,0.01622118988,0.9837788101,FCC_A1+HCP_A3+FCC_A1,0,0.0009306926434,0.9990693074,,-25105.57737,7014.719105,58.32406613
550.7211448,0.01684618988,0.9831538101,FCC_A1+HCP_A3+FCC_A1,0,0.001675246832,0.9983247532,,-25101.19123,7015.540463,58.31759322
550.7211448,0.01809618988,0.9819038101,FCC_A1+HCP_A3+FCC_A1,0,0.003164355195,0.9968356448,,-25092.41898,7017.183182,58.3046474
550.7211448,0.02059618988,0.9794038101,FCC_A1+HCP_A3+FCC_A1,0,0.006142571933,0.9938574281,,-25074.87446,7020.46862,58.27875575
550.7211448,0.02559618988,0.9744038101,FCC_A1+HCP_A3+FCC_A1,0,0.01209900541,0.9879009946,,-25039.78543,7027.039492,58.22697244
550.7211447,0.03559618988,0.9644038101,FCC_A1+HCP_A3+FCC_A1,0,0.02401187235,0.9759881277,,-24969.60736,7040.181239,58.12340584
550.7211448,0.05559618988,0.9444038101,FCC_A1+HCP_A3+FCC_A1,0,0.04783760623,0.9521623938,,-24829.25124,7066.464737,57.91627265
550.7211448,0.07559618988,0.9244038101,FCC_A1+HCP_A3+FCC_A1,0,0.07166334012,0.9283366599,,-24688.89511,7092.748232,57.70913945
550.7211448,0.09559618988,0.9044038101,FCC_A1+HCP_A3+FCC_A1,0,0.095489074,0.904510926,,-24548.53898,7119.031727,57.50200625
550.7211448,0.1155961899,0.8844038101,FCC_A1+HCP_A3+FCC_A1,0,0.1193148079,0.8806851921,,-24408.18286,7145.315223,57.29487305
550.7211448,0.1355961899,0.8644038101,FCC_A1+HCP_A3+FCC_A1,0,0.1431405418,0.8568594582,,-24267.82673,7171.598718,57.08773985
550.7211448,0.1555961899,0.8444038101,FCC_A1+HCP_A3+FCC_A1,0,0.1669662757,0.8330337243,,-24127.4706,7197.882213,56.88060665
550.7211448,0.1755961899,0.8244038101,FCC_A1+HCP_A3+FCC_A1,0,0.1907920095,0.8092079905,,-23987.11447,7224.165708,56.67347345
550.7211448,0.1955961899,0.8044038101,FCC_A1+HCP_A3+FCC_A1,0,0.2146177434,0.7853822566,,-23846.75834,7250.449204,56.46634025
550.7211448,0.2155961899,0.7844038101,FCC_A1+HCP_A3+FCC_A1,0,0.2384434773,0.7615565227,,-23706.40221,7276.732699,56.25920705
550.7211448,0.2355961899,0.7644038101,FCC_A1+HCP_A3+FCC_A1,0,0.2622692112,0.7377307888,,-23566.04609,7303.016195,56.05207385
550.7211448,0.2555961899,0.7444038101,FCC_A1+HCP_A3+FCC_A1,0,0.2860949451,0.7139050549,,-23425.68996,7329.29969,55.84494065
550.7211448,0.2755961899,0.7244038101,FCC_A1+HCP_A3+FCC_A1,0,0.309920679,0.690079321,,-23285.33383,7355.583185,55.63780745
550.7211448,0.2955961899,0.7044038101,FCC_A1+HCP_A3+FCC_A1,0,0.3337464129,0.6662535871,,-23144.9777,7381.86668,55.43067425
550.7211448,0.3155961899,0.6844038101,FCC_A1+HCP_A3+FCC_A1,0,0.3575721467,0.6424278533,,-23004.62157,7408.150174,55.22354105
550.7211448,0.3355961899,0.6644038101,FCC_A1+HCP_A3+FCC_A1,0,0.3813978806,0.6186021194,,-22864.26545,7434.433671,55.01640785
550.7211448,0.3555961899,0.6444038101,FCC_A1+HCP_A3+FCC_A1,0,0.4052236145,0.5947763855,,-22723.90932,7460.717167,54.80927466
550.7211448,0.3755961899,0.6244038101,FCC_A1+HCP_A3+FCC_A1,0,0.4290493484,0.5709506516,,-22583.55319,7487.000662,54.60214146
550.7211448,0.3955961899,0.6044038101,FCC_A1+HCP_A3+FCC_A1,0,0.4528750823,0.5471249177,,-22443.19706,7513.284157,54.39500826
550.7211448,0.4155961899,0.5844038101,FCC_A1+HCP_A3+FCC_A1,0,0.4767008162,0.5232991838,,-22302.84093,7539.567652,54.18787506
550.7211448,0.4355961899,0.5644038101,FCC_A1+HCP_A3+FCC_A1,0,0.5005265501,0.4994734499,,-22162.48481,7565.851148,53.98074186
550.7211448,0.4555961899,0.5444038101,FCC_A1+HCP_A3+FCC_A1,0,0.5243522839,0.4756477161,,-22022.12868,7592.134644,53.77360866
550.7211448,0.4755961899,0.5244038101,FCC_A1+HCP_A3+FCC_A1,0,0.5481780178,0.4518219822,,-21881.77255,7618.418139,53.56647546
550.7211448,0.4955961899,0.5044038101,FCC_A1+HCP_A3+FCC_A1,0,0.5720037517,0.4279962483,,-21741.41642,7644.701634,53.35934226
550.7211448,0.5155961899,0.4844038101,FCC_A1+HCP_A3+FCC_A1,0,0.5958294856,0.4041705144,,-21601.06029,7670.985129,53.15220906
550.7211448,0.5355961899,0.4644038101,FCC_A1+HCP_A3+FCC_A1,0,0.6196552195,0.3803447805,,-21460.70417,7697.268625,52.94507586
550.7211449,0.5555961899,0.4444038101,FCC_A1+HCP_A3+FCC_A1,0,0.6434809534,0.3565190466,,-21320.34804,7723.552122,52.73794266
550.7211448,0.5755961899,0.4244038101,FCC_A1+HCP_A3+FCC_A1,0,0.6673066873,0.3326933127,,-21179.99191,7749.835616,52.53080946
550.7211448,0.5955961899,0.4044038101,FCC_A1+HCP_A3+FCC_A1,0,0.6911324211,0.3088675789,,-21039.63578,7776.119111,52.32367626
550.7211449,0.6155961899,0.3844038101,FCC_A1+HCP_A3+FCC_A1,0,0.7149581551,0.2850418449,,-20899.27966,7802.402608,52.11654307
550.7211448,0.6355961899,0.3644038101,FCC_A1+HCP_A3+FCC_A1,0,0.7387838889,0.2612161111,,-20758.92353,7828.686101,51.90940986
550.7211448,0.6555961899,0.3444038101,FCC_A1+HCP_A3+FCC_A1,0,0.7626096228,0.2373903772,,-20618.5674,7854.969596,51.70227666
550.7211448,0.6755961899,0.3244038101,FCC_A1+HCP_A3+FCC_A1,0,0.7864353567,0.2135646433,,-20478.21127,7881.253092,51.49514346
550.7211448,0.6955961899,0.3044038101,FCC_A1+HCP_A3+FCC_A1,0,0.8102610906,0.1897389094,,-20337.85514,7907.536587,51.28801026
550.7211448,0.7155961899,0.2844038101,FCC_A1+HCP_A3+FCC_A1,0,0.8340868244,0.1659131756,,-20197.49901,7933.820083,51.08087706
550.7211448,0.7355961899,0.2644038101,FCC_A1+HCP_A3+FCC_A1,0,0.8579125583,0.1420874417,,-20057.14288,7960.103578,50.87374387
550.7211448,0.7555961899,0.2444038101,FCC_A1+HCP_A3+FCC_A1,0,0.8817382922,0.1182617078,,-19916.78676,7986.387073,50.66661067
550.7211448,0.7755961899,0.2244038101,FCC_A1+HCP_A3+FCC_A1,0,0.9055640261,0.0944359739,,-19776.43063,8012.670569,50.45947747
550.7211448,0.7955961899,0.2044038101,FCC_A1+HCP_A3+FCC_A1,0,0.92938976,0.07061024001,,-19636.0745,8038.954064,50.25234427
550.7211448,0.8155961899,0.1844038101,FCC_A1+HCP_A3+FCC_A1,0,0.9532154938,0.04678450615,,-19495.71837,8065.237559,50.04521107
550.7211448,0.8355961899,0.1644038101,FCC_A1+HCP_A3+FCC_A1,0,0.9770412278,0.02295877224,,-19355.36224,8091.521055,49.83807787
550.7211448,0.8455961899,0.1544038101,FCC_A1+HCP_A3+FCC_A1,0,0.9889540947,0.0110459053,,-19285.18418,8104.662802,49.73451127
550.7211447,0.8505961899,0.1494038101,FCC_A1+HCP_A3+FCC_A1,0,0.994910528,0.005089472032,,-19250.09514,8111.233672,49.68272796
550.7211448,0.8530961899,0.1469038101,FCC_A1+HCP_A3+FCC_A1,0,0.9978887449,0.002111255089,,-19232.55063,8114.519113,49.65683632
550.7211448,0.8543461899,0.1456538101,FCC_A1+HCP_A3+FCC_A1,0,0.9993778533,0.0006221467213,,-19223.77837,8116.161832,49.64389049
550.7211448,0.8546586899,0.1453413101,FCC_A1+HCP_A3+FCC_A1,0,0.9997501304,0.0002498696295,,-19221.58531,8116.572512,49.64065404
550.7211448,0.8548149399,0.1451850601,FCC_A1+HCP_A3+FCC_A1,0,0.9999362689,6.37310835E-05,,-19220.48878,8116.777851,49.63903581
550.7211448,0.8548540024,0.1451459976,FCC_A1+HCP_A3+FCC_A1,0,0.9999828035,1.719645225E-05,,-19220.21464,8116.829186,49.63863125
550.7211448,0.854863768,0.145136232,FCC_A1+HCP_A3+FCC_A1,0,0.9999944372,5.562787813E-06,,-19220.14611,8116.84202,49.63853011
550.7211448,0.8548684375,0.1451315625,FCC_A1+HCP_A3+FCC_A1,0,1,0,,-19220.11334,8116.848158,49.63848176
550.7211448,0.8548684375,0.1451315625,FCC_A1+FCC_A1,0,1,,,-19220.11334,8116.848158,49.63848176
550.9809942,0.8545842563,0.1454157437,FCC_A1+FCC_A1,0,1,,,-19235.00971,8126.72892,49.66004075
551.2402465,0.8542999387,0.1457000613,FCC_A1+FCC_A1,0,1,,,-19249.88438,8136.593653,49.6815648
551.7569656,0.8537308968,0.1462691032,FCC_A1+FCC_A1,0,1,,,-19279.56875,8156.275122,49.72450841
552.7832853,0.8525912023,0.1474087977,FCC_A1+FCC_A1,0,1,,,-19338.67772,8195.446302,49.80997933
554.8075486,0.8503054714,0.1496945286,FCC_A1+FCC_A1,0,1,,,-19455.8526,8273.021126,49.97926542
558.7434891,0.8457094709,0.1542905291,FCC_A1+FCC_A1,0,1,,,-19686.00726,8425.100709,50.31129403
566.1729023,0.8364257669,0.1635742331,FCC_A1+FCC_A1,0,1,,,-20129.40048,8717.001658,50.9498106
579.3314085,0.817540054,0.182459946,FCC_A1+FCC_A1,0,1,,,-20948.11481,9252.243582,52.1296756
590.365428,0.7983168343,0.2016831657,FCC_A1+FCC_A1,0,1,,,-21676.71717,9724.215488,53.18897612
599.4575389,0.778840882,0.221159118,FCC_A1+FCC_A1,0,1,,,-22317.97293,10135.542,54.13813793
606.7877405,0.7591799155,0.2408200845,FCC_A1+FCC_A1,0,1,,,-22875.91375,10489.30101,54.98663293
612.5243441,0.7393868707,0.2606131293,FCC_A1+FCC_A1,0,1,,,-23355.14077,10788.69945,55.74282972
616.818907,0.7195025912,0.2804974088,FCC_A1+FCC_A1,0,1,,,-23760.33457,11036.85823,56.41395295
619.8040377,0.6995584186,0.3004415814,FCC_A1+FCC_A1,0,1,,,-24095.93667,11236.68421,57.00611603
620.8417202,0.6895719009,0.3104280991,FCC_A1+FCC_A1,0,1,,,-24238.91282,11319.30407,57.2742065
621.5930968,0.6795789676,0.3204210324,FCC_A1+FCC_A1,0,1,,,-24365.95821,11390.80386,57.52438734
621.8650115,0.6745808182,0.3254191818,FCC_A1+FCC_A1,0,1,,,-24423.64028,11422.47291,57.6429169
622.0694156,0.6695818639,0.3304181361,FCC_A1+FCC_A1,0,1,,,-24477.48943,11451.4637,57.75714452
622.1467764,0.6670821634,0.3329178366,FCC_A1+FCC_A1,0,1,,,-24502.9963,11464.9673,57.8126657
622.2077187,0.6645823493,0.3354176507,FCC_A1+FCC_A1,0,1,,,-24527.56209,11477.81323,57.86713059
622.2589531,0.6620824807,0.3379175193,FCC_A1+FCC_A1,0,1,,,-24551.5699,11490.1911,57.92083957
622.2842722,0.6608325449,0.3391674551,FCC_A1+FCC_A1,0,1,,,-24563.56245,11496.30217,57.94757514
622.2874226,0.6606763028,0.3393236972,FCC_A1+FCC_A1,0,1,,,-24565.06035,11497.06209,57.95091003
622.2906549,0.6605200612,0.3394799388,FCC_A1+FCC_A1,0,1,,,-24566.56321,11497.82368,57.95424792
622.2939705,0.66036382,0.33963618,FCC_A1+FCC_A1,0,0.9999999992,,,-24568.07081,11498.58686,57.95758818
622.294412,0.66034429,0.33965571,FCC_A1+FCC_A1,0,0.9999999993,,,-24568.26109,11498.6831,57.95800749
622.294639,0.660334525,0.339665475,FCC_A1+FCC_A1,0,0.9999999994,,,-24568.35668,11498.73145,57.95821765
550.7211448,0.8548684375,0.1451315625,HCP_A3+FCC_A1,1,,0,,-19220.11334,8116.848158,49.63848176
550.4886947,0.8553225352,0.1446774648,HCP_A3+FCC_A1,1,,0,,-19205.39159,8106.101559,49.61317719
550.3328376,0.8556251527,0.1443748473,HCP_A3+FCC_A1,1,,0,,-19195.53761,8098.91171,49.59625785
550.0189775,0.85623011,0.14376989,HCP_A3+FCC_A1,1,,0,,-19175.7346,8084.470747,49.56229959
549.3826347,0.8574388969,0.1425611031,HCP_A3+FCC_A1,1,,0,,-19135.74753,8055.343104,49.49390264
548.0751115,0.8598518139,0.1401481861,HCP_A3+FCC_A1,1,,0,,-19054.24056,7996.098708,49.35516811
545.3180003,0.8646578189,0.1353421811,HCP_A3+FCC_A1,1,,0,,-18885.03179,7873.606344,49.06978702
539.2140904,0.8741802272,0.1258197728,HCP_A3+FCC_A1,1,,0,,-18521.38712,7612.254326,48.46616939
524.4873933,0.8927739598,0.1072260402,HCP_A3+FCC_A1,1,,0,,-17690.91401,7021.830578,47.11790008
506.1674562,0.9105506606,0.0894493394,HCP_A3+FCC_A1,1,,0,,-16724.11596,6339.602064,45.56539095
484.1110351,0.9272316972,0.07276830283,HCP_A3+FCC_A1,1,,0,,-15631.94365,5568.376938,43.79226882
458.3824443,0.9425400105,0.05745998955,HCP_A3+FCC_A1,1,,0,,-14437.35337,4717.113146,41.78708578
429.2514658,0.9562379819,0.04376201806,HCP_A3+FCC_A1,1,,0,,-13173.38721,3800.108714,39.54208028
397.13577,0.9681496456,0.03185035439,HCP_A3+FCC_A1,1,,0,,-11878.83889,2834.895566,37.0496328
362.523192,0.9781592874,0.0218407126,HCP_A3+FCC_A1,1,,0,,-10593.75403,1840.065373,34.29799715
325.9147685,0.9861979982,0.01380200176,HCP_A3+FCC_A1,1,,0,,-9356.591634,834.0980964,31.26795934
287.8037054,0.9922414819,0.00775851811,HCP_A3+FCC_A1,1,,0,,-8203.224871,-164.6088251,27.93089837
248.6727171,0.9963413265,0.003658673474,HCP_A3+FCC_A1,1,,0,,-7166.686546,-1137.02755,24.24736846
228.8724313,0.9977158017,0.0022841983,HCP_A3+FCC_A1,1,,0,,-6701.720906,-1606.922398,22.26042901
208.9783663,0.9986943854,0.001305614588,HCP_A3+FCC_A1,1,,0,,-6276.654479,-2062.27651,20.16657535
189.0295251,0.9993358449,0.0006641550813,HCP_A3+FCC_A1,1,,0,,-5894.464926,-2499.707452,17.95887426
169.0536337,0.9997116193,0.0002883807177,HCP_A3+FCC_A1,1,,0,,-5557.830262,-2914.788843,15.63433664
159.0611654,0.9998242611,0.0001757388781,HCP_A3+FCC_A1,1,,0,,-5407.344313,-3112.028255,14.43039885
149.0673,0.9998997628,0.000100237203,HCP_A3+FCC_A1,1,,0,,-5269.083615,-3300.960779,13.20291463
139.0727458,0.9999472498,5.275019263E-05,HCP_A3+FCC_A1,1,,0,,-5143.237359,-3480.090356,11.95882769
129.0778932,0.9999748636,2.513638509E-05,HCP_A3+FCC_A1,1,,0,,-5029.899944,-3647.423488,10.71040456
124.0804199,0.9999834076,1.659242692E-05,HCP_A3+FCC_A1,1,,0,,-4977.910196,-3725.856861,10.09066004
119.0829319,0.9999894225,1.05775224E-05,HCP_A3+FCC_A1,1,,0,,-4929.004815,-3800.255729,9.478680678
114.0854361,0.9999935176,6.482373688E-06,HCP_A3+FCC_A1,1,,0,,-4883.131894,-3870.117886,8.879433188
109.0879365,0.9999962016,3.798437394E-06,HCP_A3+FCC_A1,1,,0,,-4840.211317,-3934.846607,8.299402661
104.0904351,0.9999978856,2.114411556E-06,HCP_A3+FCC_A1,1,,0,,-4800.125985,-3993.728235,7.747087898
99.09293299,0.9999988905,1.109467711E-06,HCP_A3+FCC_A1,1,,0,,-4762.710113,-4045.903026,7.233685241
94.09543062,0.9999994564,5.436146195E-07,HCP_A3+FCC_A1,1,,0,,-4727.733465,-4090.326711,6.774045773
89.09792816,0.9999997541,2.458739181E-07,HCP_A3+FCC_A1,1,,0,,-4694.879865,-4125.719124,6.388035652
84.10042567,0.9999998988,1.011977672E-07,HCP_A3+FCC_A1,1,,0,,-4663.717499,-4150.494475,6.102502088
79.10292317,0.9999999628,3.72339696E-08,HCP_A3+FCC_A1,1,,0,,-4633.657235,-4162.665143,5.954167978
69.10791817,0.9999999967,3.266186782E-09,HCP_A3+FCC_A1,1,,0,,-4573.315842,-4138.362795,6.293823609
49.11790817,1,1.287760387E-12,HCP_A3+FCC_A1,1,,0,,-4400.544666,-3757.625565,13.08930133
29.12789817,1,1E-50,HCP_A3+FCC_A1,1,,0,,-3834.59952,-2177.385643,56.89438584
9.137888168,1,6.123233996E-19,HCP_A3+FCC_A1,1,,0,,891.8255824,8463.121439,828.5607918
4.140385668,1,2.102927372E-19,HCP_A3+FCC_A1,1,,0,,10342.95518,27914.77897,4244.006524
1.641634418,1,9.277405945E-21,HCP_A3+FCC_A1,1,,0,,37362.1069,82331.67029,27393.16555
1.016946606,1,2.841251218E-20,HCP_A3+FCC_A1,1,,0,,65020.14185,137770.3089,71537.84339
0.999,1,1E-50,HCP_A3+FCC_A1,1,,0,,66326.97311,140387.9589,74135.12087
550.7211448,0.8548684375,0.1451315625,FCC_A1+HCP_A3+FCC_A1,0,1,0,,-19220.11334,8116.848158,49.63848176
550.7211448,0.8543996875,0.1456003125,FCC_A1+HCP_A3+FCC_A1,0.00104966825,0.9989503318,0,,-19223.40294,8118.484661,49.64742657
550.7211448,0.8540871875,0.1459128125,FCC_A1+HCP_A3+FCC_A1,0.001749446954,0.998250553,0,,-19225.596,8119.575663,49.65338978
550.7211448,0.8534621875,0.1465378125,FCC_A1+HCP_A3+FCC_A1,0.003149004362,0.9968509956,0,,-19229.98213,8121.757669,49.66531621
550.7211448,0.8522121875,0.1477878125,FCC_A1+HCP_A3+FCC_A1,0.005948119171,0.9940518808,0,,-19238.75439,8126.121679,49.68916906
550.7211448,0.8497121875,0.1502878125,FCC_A1+HCP_A3+FCC_A1,0.01154634881,0.9884536512,0,,-19256.29891,8134.849701,49.73687476
550.7211448,0.8447121875,0.1552878125,FCC_A1+HCP_A3+FCC_A1,0.02274280794,0.9772571921,0,,-19291.38794,8152.305745,49.83228616
550.7211448,0.8347121875,0.1652878125,FCC_A1+HCP_A3+FCC_A1,0.0451357266,0.9548642734,0,,-19361.566,8187.217829,50.02310895
550.7211448,0.8147121875,0.1852878125,FCC_A1+HCP_A3+FCC_A1,0.08992156366,0.9100784363,0,,-19501.92213,8257.041999,50.40475455
550.7211448,0.7947121875,0.2052878125,FCC_A1+HCP_A3+FCC_A1,0.1347074007,0.8652925993,0,,-19642.27826,8326.86617,50.78640014
550.7211448,0.7747121875,0.2252878125,FCC_A1+HCP_A3+FCC_A1,0.1794932378,0.8205067622,0,,-19782.63439,8396.690339,51.16804574
550.7211448,0.7547121875,0.2452878125,FCC_A1+HCP_A3+FCC_A1,0.2242790748,0.7757209252,0,,-19922.99051,8466.51451,51.54969133
550.7211448,0.7347121875,0.2652878125,FCC_A1+HCP_A3+FCC_A1,0.2690649119,0.7309350881,0,,-20063.34664,8536.33868,51.93133692
550.7211448,0.7147121875,0.2852878125,FCC_A1+HCP_A3+FCC_A1,0.3138507489,0.6861492511,0,,-20203.70277,8606.162851,52.31298252
550.7211448,0.6947121875,0.3052878125,FCC_A1+HCP_A3+FCC_A1,0.3586365862,0.6413634138,0,,-20344.0589,8675.987019,52.69462811
550.7211448,0.6747121875,0.3252878125,FCC_A1+HCP_A3+FCC_A1,0.4034224231,0.5965775769,0,,-20484.41503,8745.811191,53.07627371
550.7211448,0.6547121875,0.3452878125,FCC_A1+HCP_A3+FCC_A1,0.4482082601,0.5517917399,0,,-20624.77115,8815.635361,53.4579193
550.7211448,0.6347121875,0.3652878125,FCC_A1+HCP_A3+FCC_A1,0.4929940972,0.5070059028,0,,-20765.12728,8885.459531,53.83956489
550.7211448,0.6147121875,0.3852878125,FCC_A1+HCP_A3+FCC_A1,0.5377799342,0.4622200658,0,,-20905.48341,8955.283702,54.22121049
550.7211448,0.5947121875,0.4052878125,FCC_A1+HCP_A3+FCC_A1,0.5825657713,0.4174342287,0,,-21045.83954,9025.107873,54.60285608
550.7211448,0.5747121875,0.4252878125,FCC_A1+HCP_A3+FCC_A1,0.6273516083,0.3726483917,0,,-21186.19567,9094.932043,54.98450167
550.7211448,0.5547121875,0.4452878125,FCC_A1+HCP_A3+FCC_A1,0.6721374454,0.3278625546,0,,-21326.5518,9164.756213,55.36614727
550.7211448,0.5347121875,0.4652878125,FCC_A1+HCP_A3+FCC_A1,0.7169232824,0.2830767176,0,,-21466.90792,9234.580384,55.74779286
550.7211448,0.5147121875,0.4852878125,FCC_A1+HCP_A3+FCC_A1,0.7617091195,0.2382908805,0,,-21607.26405,9304.404553,56.12943846
550.7211448,0.4947121875,0.5052878125,FCC_A1+HCP_A3+FCC_A1,0.8064949566,0.1935050434,0,,-21747.62018,9374.228724,56.51108405
550.7211449,0.4747121875,0.5252878125,FCC_A1+HCP_A3+FCC_A1,0.8512807934,0.1487192066,0,,-21887.97631,9444.052896,56.89272965
550.7211448,0.4547121875,0.5452878125,FCC_A1+HCP_A3+FCC_A1,0.8960666307,0.1039333693,0,,-22028.33244,9513.877065,57.27437524
550.7211448,0.4347121875,0.5652878125,FCC_A1+HCP_A3+FCC_A1,0.9408524678,0.05914753225,0,,-22168.68856,9583.701235,57.65602083
550.7211448,0.4147121875,0.5852878125,FCC_A1+HCP_A3+FCC_A1,0.9856383048,0.01436169519,0,,-22309.04469,9653.525405,58.03766643
550.7211448,0.4097121875,0.5902878125,FCC_A1+HCP_A3+FCC_A1,0.996834764,0.003165236032,0,,-22344.13372,9670.981447,58.13307782
550.7211448,0.4084621875,0.5915378125,FCC_A1+HCP_A3+FCC_A1,0.9996338789,0.0003661211001,0,,-22352.90598,9675.345458,58.15693067
550.7211448,0.4083059375,0.5916940625,FCC_A1+HCP_A3+FCC_A1,0.9999837682,1.623175508E-05,0,,-22354.00251,9675.890959,58.15991228
550.7211448,0.4083010547,0.5916989453,FCC_A1+HCP_A3+FCC_A1,0.9999947023,5.29771269E-06,0,,-22354.03678,9675.908006,58.16000546
550.7211448,0.4082986888,0.5917013112,FCC_A1+HCP_A3+FCC_A1,1,0,0,,-22354.05338,9675.916266,58.1600506
550.7211448,0.4082986888,0.5917013112,FCC_A1+HCP_A3,1,,0,,-22354.05338,9675.916266,58.1600506
551.0411932,0.4078581288,0.5921418712,FCC_A1+HCP_A3,1,,0,,-22375.76242,9683.877087,58.18011413
551.2558565,0.4075646588,0.5924353412,FCC_A1+HCP_A3,1,,0,,-22390.31257,9689.219989,58.19354512
551.6883043,0.4069782924,0.5930217076,FCC_A1+HCP_A3,1,,0,,-22419.59927,9699.991698,58.22053997
552.5656879,0.4058078835,0.5941921165,FCC_A1+HCP_A3,1,,0,,-22478.91935,9721.879283,58.27506004
554.3704706,0.4034766015,0.5965233985,FCC_A1+HCP_A3,1,,0,,-22600.55675,9767.036556,58.38621467
558.1802926,0.398854082,0.601145918,FCC_A1+HCP_A3,1,,0,,-22855.88835,9862.914801,58.61690852
566.5978507,0.3897838852,0.6102161148,FCC_A1+HCP_A3,1,,0,,-23415.07777,10077.08691,59.11099847
586.5266207,0.372445726,0.627554274,FCC_A1+HCP_A3,1,,0,,-24726.00977,10594.41828,60.2196504
610.2041973,0.3563304236,0.6436695764,FCC_A1+HCP_A3,1,,0,,-26279.81101,11223.82573,61.46079772
637.041296,0.3415060342,0.6584939658,FCC_A1+HCP_A3,1,,0,,-28051.23753,11953.07595,62.797049
651.44549,0.3345722083,0.6654277917,FCC_A1+HCP_A3,1,,0,,-29009.31792,12350.68264,63.48957999
655.1367378,0.3328868992,0.6671131008,FCC_A1+HCP_A3,1,,0,,-29255.78412,12453.23409,63.66459978
655.1657108,0.3328738071,0.6671261929,FCC_A1+HCP_A3,1,,0,,-29257.72025,12454.04008,63.66596975
655.180198,0.3328672615,0.6671327385,FCC_A1+HCP_A3,1,,0,,-29258.68837,12454.4431,63.66665474
655.1874419,0.3328639888,0.6671360112,FCC_A1+HCP_A3,1,,0,,-29259.17244,12454.64461,63.66699725
655.1917296,0.3328620511,0.6671379489,FCC_A1+HCP_A3,1,,0,,-29259.45898,12454.76389,63.66719998
655.1917296,0.3328620511,0.6671379489,FCC_A1+Liquid,1,,,0,-29259.45898,12454.76389,63.66719998
655.3528699,0.3333238179,0.6666761821,FCC_A1+Liquid,1,,,0,-29266.48768,12460.70616,63.67133762
655.4601668,0.3336316737,0.6663683263,FCC_A1+Liquid,1,,,0,-29271.16335,12464.66369,63.67408602
655.6744492,0.3342474125,0.6657525875,FCC_A1+Liquid,1,,,0,-29280.49045,12472.56917,63.67955876
656.1017704,0.3354789983,0.6645210017,FCC_A1+Liquid,1,,,0,-29299.04777,12488.34173,63.69040808
656.9514638,0.3379425983,0.6620574017,FCC_A1+Liquid,1,,,0,-29335.77675,12519.73279,63.71172278
658.6312506,0.3428714799,0.6571285201,FCC_A1+Liquid,1,,,0,-29407.70583,12581.89498,63.75282188
661.9139993,0.3527357182,0.6472642818,FCC_A1+Liquid,1,,,0,-29545.55964,12703.71073,63.82894215
668.1847824,0.3724881735,0.6275118265,FCC_A1+Liquid,1,,,0,-29798.13946,12937.0937,63.95720808
674.0864009,0.3922690739,0.6077309261,FCC_A1+Liquid,1,,,0,-30021.5677,13156.44697,64.05412513
679.6470997,0.4120746773,0.5879253227,FCC_A1+Liquid,1,,,0,-30217.84824,13361.39913,64.12040512
684.8947309,0.4319016466,0.5680983534,FCC_A1+Liquid,1,,,0,-30388.95874,13551.65419,64.15673963
689.8569237,0.4517469988,0.5482530012,FCC_A1+Liquid,1,,,0,-30536.85843,13726.99738,64.16382047
694.5614766,0.4716080477,0.5283919523,FCC_A1+Liquid,1,,,0,-30663.51044,13887.31603,64.14238043
699.0369811,0.4914823391,0.5085176609,FCC_A1+Liquid,1,,,0,-30770.91642,14032.66938,64.09329837
703.3136626,0.5113675831,0.4886324169,FCC_A1+Liquid,1,,,0,-30861.16871,14163.16943,64.01743709
707.4240192,0.5312616028,0.4687383972,FCC_A1+Liquid,1,,,0,-30936.48269,14279.0768,63.91578215
711.4040441,0.5511622533,0.4488377467,FCC_A1+Liquid,1,,,0,-30999.26899,14380.85273,63.78951891
715.2946824,0.5710673268,0.4289326732,FCC_A1+Liquid,1,,,0,-31052.2169,14469.20345,63.64009333
719.1435173,0.5909744339,0.4090255661,FCC_A1+Liquid,1,,,0,-31098.39012,14545.12981,63.46927815
723.0066228,0.6108808493,0.3891191507,FCC_A1+Liquid,1,,,0,-31141.32964,14609.9838,63.2792453
726.9504089,0.6307833052,0.3692166948,FCC_A1+Liquid,1,,,0,-31185.15249,14665.52657,63.07263674
731.0531121,0.6506777203,0.3493222797,FCC_A1+Liquid,1,,,0,-31234.62477,14713.97805,62.85261913
735.4053276,0.6705588626,0.3294411374,FCC_A1+Liquid,1,,,0,-31295.17206,14758.04041,62.62289753
740.1086913,0.690419982,0.309580018,FCC_A1+Liquid,1,,,0,-31372.77387,14800.86921,62.38765146
745.2716708,0.710252512,0.289747488,FCC_A1+Liquid,1,,,0,-31473.68083,14845.95993,62.1513504
751.0017697,0.7300460283,0.2699539717,FCC_A1+Liquid,1,,,0,-31603.91552,14896.927,61.91841937
757.3947318,0.7497886799,0.2502113201,FCC_A1+Liquid,1,,,0,-31768.5966,14957.18813,61.69277758
764.5237249,0.769468153,0.230531847,FCC_A1+Liquid,1,,,0,-31971.27002,15029.63913,61.47737162
772.4336229,0.7890728142,0.2109271858,FCC_A1+Liquid,1,,,0,-32213.55883,15116.47296,61.27391452
781.1451303,0.8085922518,0.1914077482,FCC_A1+Liquid,1,,,0,-32495.41559,15219.29476,61.08302862
790.6688633,0.8280165139,0.1719834861,FCC_A1+Liquid,1,,,0,-32815.97454,15339.55196,60.90479685
801.0236098,0.8473340709,0.1526659291,FCC_A1+Liquid,1,,,0,-33174.63819,15479.11655,60.73947652
812.2513189,0.8665292038,0.1334707962,FCC_A1+Liquid,1,,,0,-33571.93081,15640.79543,60.58805335
824.4252088,0.8855794547,0.1144205453,FCC_A1+Liquid,1,,,0,-34009.88455,15828.65388,60.45246784
837.6521077,0.9044532079,0.09554679209,FCC_A1+Liquid,1,,,0,-34492.00126,16048.18378,60.33553139
852.071786,0.9231070614,0.07689293858,FCC_A1+Liquid,1,,,0,-35022.89503,16306.40423,60.24058078
867.8549051,0.9414826166,0.05851738343,FCC_A1+Liquid,1,,,0,-35607.54016,16611.95162,60.17076296
885.1992637,0.9595025533,0.04049744675,FCC_A1+Liquid,1,,,0,-36249.56789,16975.15401,60.12739061
904.3223333,0.9770663129,0.0229336871,FCC_A1+Liquid,1,,,0,-36946.34992,17408.0221,60.10508644
914.6197071,0.9856374575,0.01436254246,FCC_A1+Liquid,1,,,0,-37308.50632,17654.71825,60.09407423
925.4442532,0.9940444793,0.005955520664,FCC_A1+Liquid,1,,,0,-37665.02912,17923.96197,60.06735781
931.0618298,0.998180035,0.001819964957,FCC_A1+Liquid,1,,,0,-37825.67165,18067.60044,60.03175117
932.4881004,0.9992064022,0.0007935977678,FCC_A1+Liquid,1,,,0,-37858.84172,18104.48771,60.01506014
933.2045481,0.9997184299,0.0002815700638,FCC_A1+Liquid,1,,,0,-37872.06977,18123.08047,60.0030833
933.5636024,0.9999741525,2.584748559E-05,FCC_A1+Liquid,1,,,0,-37876.03191,18132.41432,59.99424794
933.5860616,0.9999901287,9.871293298E-06,FCC_A1+Liquid,1,,,0,-37876.02847,18132.99852,59.99342673
933.5973063,0.9999981115,1.888499224E-06,FCC_A1+Liquid,1.000000004,,,0,-37875.96115,18133.29183,59.99294621
933.5999258,1,0,FCC_A1+Liquid,1.000000004,,,0,-37875.96115,18133.29183,59.99294621
655.1917296,0.3328620511,0.6671379489,FCC_A1+HCP_A3+Liquid,1,,0,0,-29259.45898,12454.76389,63.66719998
655.1917296,0.3323933011,0.6676066989,FCC_A1+HCP_A3+Liquid,0.9978891231,,0,0.002110876941,-29262.73688,12467.36927,63.69144216
655.1917296,0.3320808011,0.6679191989,FCC_A1+HCP_A3+Liquid,0.9964818736,,0,0.003518126363,-29264.92215,12475.77284,63.7076036
655.1917296,0.3314558011,0.6685441989,FCC_A1+HCP_A3+Liquid,0.9936673748,,0,0.006332625208,-29269.29268,12492.57999,63.73992647
655.1917296,0.3302058011,0.6697941989,FCC_A1+HCP_A3+Liquid,0.9880383771,,0,0.0119616229,-29278.03375,12526.19428,63.80457221
655.1917296,0.3277058011,0.6722941989,FCC_A1+HCP_A3+Liquid,0.9767803817,,0,0.02321961827,-29295.51588,12593.42286,63.9338637
655.1917296,0.3227058011,0.6772941989,FCC_A1+HCP_A3+Liquid,0.9542643914,,0,0.04573560863,-29330.48015,12727.88001,64.19244668
655.1917295,0.3127058011,0.6872941989,FCC_A1+HCP_A3+Liquid,0.9092324098,,0,0.09076759021,-29400.40868,12996.79434,64.70961263
655.1917296,0.2927058011,0.7072941989,FCC_A1+HCP_A3+Liquid,0.8191684464,,0,0.1808315536,-29540.26576,13534.62298,65.74394455
655.1917296,0.2727058011,0.7272941989,FCC_A1+HCP_A3+Liquid,0.7291044833,,0,0.2708955167,-29680.12283,14072.45162,66.77827647
655.1917296,0.2527058011,0.7472941989,FCC_A1+HCP_A3+Liquid,0.6390405203,,0,0.3609594797,-29819.9799,14610.28027,67.81260838
655.1917296,0.2327058011,0.7672941989,FCC_A1+HCP_A3+Liquid,0.5489765572,,0,0.4510234428,-29959.83698,15148.10891,68.84694029
655.1917296,0.2127058011,0.7872941989,FCC_A1+HCP_A3+Liquid,0.4589125942,,0,0.5410874058,-30099.69405,15685.93755,69.88127221
655.1917296,0.1927058011,0.8072941989,FCC_A1+HCP_A3+Liquid,0.3688486311,,0,0.6311513689,-30239.55112,16223.7662,70.91560412
655.1917296,0.1727058011,0.8272941989,FCC_A1+HCP_A3+Liquid,0.2787846681,,0,0.7212153319,-30379.40819,16761.59484,71.94993604
655.1917296,0.1527058011,0.8472941989,FCC_A1+HCP_A3+Liquid,0.188720705,,0,0.811279295,-30519.26527,17299.42348,72.98426795
655.1917296,0.1327058011,0.8672941989,FCC_A1+HCP_A3+Liquid,0.098656742,,0,0.901343258,-30659.12234,17837.25213,74.01859986
655.1917296,0.1127058011,0.8872941989,FCC_A1+HCP_A3+Liquid,0.008592778949,,0,0.9914072211,-30798.97941,18375.08077,75.05293178
655.1917296,0.1114558011,0.8885441989,FCC_A1+HCP_A3+Liquid,0.002963781261,,0,0.9970362187,-30807.72048,18408.69506,75.11757752
655.1917296,0.1108308011,0.8891691989,FCC_A1+HCP_A3+Liquid,0.0001492824146,,0,0.9998507176,-30812.09101,18425.5022,75.14990039
655.1917296,0.1108112699,0.8891887301,FCC_A1+HCP_A3+Liquid,6.132932462E-05,,0,0.9999386707,-30812.22759,18426.02743,75.15091048
655.1917296,0.1108015043,0.8891984957,FCC_A1+HCP_A3+Liquid,1.735278015E-05,,0,0.9999826472,-30812.29588,18426.29004,75.15141553
655.1917296,0.1107976508,0.8892023492,FCC_A1+HCP_A3+Liquid,0,,0,1,-30812.32283,18426.39366,75.15161481
655.1917296,0.3328620511,0.6671379489,FCC_A1+HCP_A3+Liquid,1,,0,0,-29259.45898,12454.76389,63.66719998
655.1917296,0.3323933011,0.6676066989,FCC_A1+HCP_A3+Liquid,0.9984788161,,0.001521183892,0,-29262.73688,12451.29323,63.66690577
655.1917296,0.3320808011,0.6679191989,FCC_A1+HCP_A3+Liquid,0.9974646949,,0.002535305137,0,-29264.92215,12448.97946,63.66670964
655.1917296,0.3314558011,0.6685441989,FCC_A1+HCP_A3+Liquid,0.9954364524,,0.004563547629,0,-29269.29268,12444.35191,63.66631737
655.1917296,0.3302058011,0.6697941989,FCC_A1+HCP_A3+Liquid,0.9913799674,,0.008620032611,0,-29278.03375,12435.09682,63.66553283
655.1917296,0.3277058011,0.6722941989,FCC_A1+HCP_A3+Liquid,0.9832669974,,0.01673300258,0,-29295.51588,12416.58664,63.66396376
655.1917296,0.3227058011,0.6772941989,FCC_A1+HCP_A3+Liquid,0.9670410575,,0.03295894251,0,-29330.48015,12379.56629,63.66082561
655.1917295,0.3127058011,0.6872941989,FCC_A1+HCP_A3+Liquid,0.9345891776,,0.06541082244,0,-29400.40868,12305.52557,63.65454931
655.1917296,0.2927058011,0.7072941989,FCC_A1+HCP_A3+Liquid,0.8696854179,,0.1303145821,0,-29540.26576,12157.44414,63.64199672
655.1917296,0.2727058011,0.7272941989,FCC_A1+HCP_A3+Liquid,0.8047816582,,0.1952183418,0,-29680.12283,12009.36271,63.62944412
655.1917296,0.2527058011,0.7472941989,FCC_A1+HCP_A3+Liquid,0.7398778984,,0.2601221016,0,-29819.9799,11861.28129,63.61689153
655.1917296,0.2327058011,0.7672941989,FCC_A1+HCP_A3+Liquid,0.6749741387,,0.3250258613,0,-29959.83698,11713.19986,63.60433893
655.1917296,0.2127058011,0.7872941989,FCC_A1+HCP_A3+Liquid,0.6100703789,,0.3899296211,0,-30099.69405,11565.11843,63.59178634
655.1917296,0.1927058011,0.8072941989,FCC_A1+HCP_A3+Liquid,0.5451666192,,0.4548333808,0,-30239.55112,11417.037,63.57923374
655.1917296,0.1727058011,0.8272941989,FCC_A1+HCP_A3+Liquid,0.4802628595,,0.5197371405,0,-30379.40819,11268.95557,63.56668115
655.1917296,0.1527058011,0.8472941989,FCC_A1+HCP_A3+Liquid,0.4153590997,,0.5846409003,0,-30519.26527,11120.87414,63.55412855
655.1917296,0.1327058011,0.8672941989,FCC_A1+HCP_A3+Liquid,0.35045534,,0.64954466,0,-30659.12234,10972.79271,63.54157596
655.1917296,0.1127058011,0.8872941989,FCC_A1+HCP_A3+Liquid,0.2855515803,,0.7144484197,0,-30798.97941,10824.71129,63.52902336
655.1917296,0.09270580114,0.9072941989,FCC_A1+HCP_A3+Liquid,0.2206478205,,0.7793521795,0,-30938.83648,10676.62986,63.51647077
655.1917296,0.07270580114,0.9272941989,FCC_A1+HCP_A3+Liquid,0.1557440608,,0.8442559392,0,-31078.69356,10528.54843,63.50391818
655.1917296,0.05270580114,0.9472941989,FCC_A1+HCP_A3+Liquid,0.09084030107,,0.9091596989,0,-31218.55063,10380.467,63.49136558
655.1917296,0.03270580114,0.9672941989,FCC_A1+HCP_A3+Liquid,0.02593654134,,0.9740634587,0,-31358.4077,10232.38557,63.47881299
655.1917296,0.02770580114,0.9722941989,FCC_A1+HCP_A3+Liquid,0.009710601405,,0.9902893986,0,-31393.37197,10195.36521,63.47567484
655.1917296,0.02520580114,0.9747941989,FCC_A1+HCP_A3+Liquid,0.001597631442,,0.9984023686,0,-31410.8541,10176.85503,63.47410576
655.1917296,0.02489330114,0.9751066989,FCC_A1+HCP_A3+Liquid,0.0005835101925,,0.9994164898,0,-31413.03937,10174.54126,63.47390963
655.1917296,0.02473705114,0.9752629489,FCC_A1+HCP_A3+Liquid,7.644956933E-05,,0.9999235504,0,-31414.132,10173.38438,63.47381156
655.1917296,0.02471751989,0.9752824801,FCC_A1+HCP_A3+Liquid,1.306699129E-05,,0.999986933,0,-31414.26858,10173.23977,63.4737993
655.1917296,0.02471349331,0.9752865067,FCC_A1+HCP_A3+Liquid,0,,1,0,-31414.29674,10173.20995,63.47379678
550.7211448,0.4082986888,0.5917013112,FCC_A1+FCC_A1,1,0,,,-22354.05338,9675.916266,58.1600506
550.9027382,0.4085976938,0.5914023062,FCC_A1+FCC_A1,1,0,,,-22362.51657,9681.579736,58.16652212
551.0840614,0.4088967398,0.5911032602,FCC_A1+FCC_A1,1,0,,,-22370.9639,9687.23485,58.17297395
551.4459025,0.4094949538,0.5905050462,FCC_A1+FCC_A1,1,0,,,-22387.81123,9698.520127,58.1858188
552.1663483,0.4106918706,0.5893081294,FCC_A1+FCC_A1,1,0,,,-22421.31562,9720.990314,58.2112728
553.5943905,0.4130876302,0.5869123698,FCC_A1+FCC_A1,1,0,,,-22487.5677,9765.530578,58.26124476
556.3994661,0.4178866844,0.5821133156,FCC_A1+FCC_A1,1,0,,,-22617.05901,9853.011338,58.35747934
561.8088205,0.427513595,0.572486405,FCC_A1+FCC_A1,1,0,,,-22864.11303,10021.58416,58.53538782
571.8491689,0.4468726408,0.5531273592,FCC_A1+FCC_A1,1,0,,,-23311.49617,10333.25385,58.83500729
580.8948129,0.466354007,0.533645993,FCC_A1+FCC_A1,1,0,,,-23698.40022,10611.06082,59.06312171
588.9915292,0.4859395734,0.5140604266,FCC_A1+FCC_A1,1,0,,,-24026.88717,10855.0775,59.2232026
596.1769961,0.505613906,0.494386094,FCC_A1+FCC_A1,1,0,,,-24298.76961,11065.27492,59.31802931
602.4800518,0.5253637906,0.4746362094,FCC_A1+FCC_A1,1,0,,,-24515.53384,11241.49881,59.34973703
607.9201466,0.5451777742,0.4548222258,FCC_A1+FCC_A1,1,0,,,-24678.28486,11383.45119,59.31985682
612.5068167,0.5650457222,0.4349542778,FCC_A1+FCC_A1,1,0,,,-24787.70264,11490.67321,59.22934221
616.2391376,0.5849583806,0.4150416194,FCC_A1+FCC_A1,1,0,,,-24844.00666,11562.52854,59.07858326
619.1050889,0.6049069276,0.3950930724,FCC_A1+FCC_A1,1,0,,,-24846.92505,11598.18593,58.86740658
621.0808153,0.6248824914,0.3751175086,FCC_A1+FCC_A1,1,0,,,-24795.66783,11596.60105,58.595062
621.43167,0.6298794099,0.3701205901,FCC_A1+FCC_A1,1,0,,,-24774.24636,11590.24221,58.51727604
621.7239437,0.6348772717,0.3651227283,FCC_A1+FCC_A1,1,0,,,-24749.33094,11581.45424,58.43555737
621.9569455,0.6398759129,0.3601240871,FCC_A1+FCC_A1,1,0,,,-24720.89695,11570.21565,58.34987915
622.1857574,0.6448746026,0.3551253974,FCC_A1+FCC_A1,0.9999999093,0,,,-24692.17952,11558.09983,58.26279198
622.2432174,0.646124272,0.353875728,FCC_A1+FCC_A1,1,0,,,-24685.00258,11554.95679,58.24082666
622.1935095,0.6467487772,0.3532512228,FCC_A1+FCC_A1,0.9999999999,0,,,-24676.9137,11551.16223,58.22638034
622.1687283,0.6470610312,0.3529389688,FCC_A1+FCC_A1,1,0,,,-24672.78012,11549.21952,58.21893321
622.1435607,0.6473732775,0.3526267225,FCC_A1+FCC_A1,1,0,,,-24668.68676,11547.29146,58.21160983
622.1360254,0.6474121577,0.3525878423,FCC_A1+FCC_A1,0.9999999996,0,,,-24667.92206,11546.92624,58.21049872
622.1284779,0.6474510373,0.3525489627,FCC_A1+FCC_A1,0.9999999996,0,,,-24667.15432,11546.55955,58.20938143
622.1210659,0.6474899234,0.3525100766,FCC_A1+FCC_A1,0.9999999997,0,,,-24666.39494,11546.19688,58.20827135
622.1136411,0.6475288089,0.3524711911,FCC_A1+FCC_A1,0.9999999997,0,,,-24665.63546,11545.8341,58.2071621
622.1062039,0.6475676938,0.3524323062,FCC_A1+FCC_A1,0.9999999997,0,,,-24664.87239,11545.46958,58.20604543
622.0913043,0.6476454625,0.3523545375,FCC_A1+FCC_A1,0.9999999943,0,,,-24663.36558,11544.74929,58.20385951
622.0894237,0.6476551827,0.3523448173,FCC_A1+FCC_A1,0.9999999952,0,,,-24663.16292,11544.6526,58.20355424
622.0884804,0.6476600426,0.3523399574,FCC_A1+FCC_A1,0.9999999953,0,,,-24663.06855,11544.60746,58.20341823
622.0870283,0.6476648711,0.3523351289,FCC_A1+FCC_A1,0.9999999983,0,,,-24662.94585,11544.54841,58.20326194
622.2941703,0.6563493958,0.3436506042,FCC_A1+FCC_A1,1,0,,,-24601.88133,11544.54841,58.20326194
550.7211448,0.4082986888,0.5917013112,FCC_A1+HCP_A3+FCC_A1,1,0,0,,-22354.05338,9675.916266,58.1600506
550.7211448,0.4078299388,0.5921700612,FCC_A1+HCP_A3+FCC_A1,0.9988068229,0,0.001193177053,,-22357.34298,9672.739761,58.16025595
550.7211448,0.4075174388,0.5924825612,FCC_A1+HCP_A3+FCC_A1,0.9980113717,0,0.001988628347,,-22359.53604,9670.622092,58.16039286
550.7211448,0.4068924388,0.5931075612,FCC_A1+HCP_A3+FCC_A1,0.9964204691,0,0.003579530934,,-22363.92217,9666.386754,58.16066666
550.7211448,0.4056424388,0.5943575612,FCC_A1+HCP_A3+FCC_A1,0.9932386639,0,0.006761336117,,-22372.69443,9657.916076,58.16121427
550.7211448,0.4031424388,0.5968575612,FCC_A1+HCP_A3+FCC_A1,0.9868750536,0,0.01312494645,,-22390.23895,9640.974721,58.16230949
550.7211448,0.3981424388,0.6018575612,FCC_A1+HCP_A3+FCC_A1,0.9741478329,0,0.02585216715,,-22425.32798,9607.09201,58.16449993
550.7211448,0.3881424388,0.6118575612,FCC_A1+HCP_A3+FCC_A1,0.9486933914,0,0.05130660865,,-22495.50605,9539.326589,58.16888081
550.7211447,0.3681424388,0.6318575612,FCC_A1+HCP_A3+FCC_A1,0.8977845087,0,0.1022154913,,-22635.86217,9403.795744,58.17764256
550.7211448,0.3481424388,0.6518575612,FCC_A1+HCP_A3+FCC_A1,0.8468756259,0,0.1531243741,,-22776.2183,9268.264904,58.18640433
550.7211448,0.3281424388,0.6718575612,FCC_A1+HCP_A3+FCC_A1,0.7959667431,0,0.2040332569,,-22916.57443,9132.734061,58.19516609
550.7211448,0.3081424388,0.6918575612,FCC_A1+HCP_A3+FCC_A1,0.7450578603,0,0.2549421397,,-23056.93056,8997.203219,58.20392784
550.7211448,0.2881424388,0.7118575612,FCC_A1+HCP_A3+FCC_A1,0.6941489775,0,0.3058510225,,-23197.28668,8861.672376,58.2126896
550.7211449,0.2681424388,0.7318575612,FCC_A1+HCP_A3+FCC_A1,0.6432400949,0,0.3567599051,,-23337.64282,8726.141536,58.22145136
550.7211448,0.2481424388,0.7518575612,FCC_A1+HCP_A3+FCC_A1,0.592331212,0,0.407668788,,-23477.99894,8590.610691,58.23021312
550.7211448,0.2281424388,0.7718575612,FCC_A1+HCP_A3+FCC_A1,0.5414223292,0,0.4585776708,,-23618.35507,8455.079849,58.23897488
550.7211448,0.2081424388,0.7918575612,FCC_A1+HCP_A3+FCC_A1,0.4905134464,0,0.5094865536,,-23758.7112,8319.549007,58.24773664
550.7211448,0.1881424388,0.8118575612,FCC_A1+HCP_A3+FCC_A1,0.4396045635,0,0.5603954365,,-23899.06732,8184.018163,58.25649839
550.7211448,0.1681424388,0.8318575612,FCC_A1+HCP_A3+FCC_A1,0.3886956808,0,0.6113043192,,-24039.42345,8048.487322,58.26526015
550.7211448,0.1481424388,0.8518575612,FCC_A1+HCP_A3+FCC_A1,0.337786798,0,0.662213202,,-24179.77958,7912.956479,58.27402191
550.7211448,0.1281424388,0.8718575612,FCC_A1+HCP_A3+FCC_A1,0.2868779152,0,0.7131220848,,-24320.13571,7777.425637,58.28278367
550.7211448,0.1081424388,0.8918575612,FCC_A1+HCP_A3+FCC_A1,0.2359690325,0,0.7640309675,,-24460.49184,7641.894795,58.29154543
550.7211448,0.08814243882,0.9118575612,FCC_A1+HCP_A3+FCC_A1,0.1850601497,0,0.8149398503,,-24600.84797,7506.363952,58.30030719
550.7211449,0.06814243882,0.9318575612,FCC_A1+HCP_A3+FCC_A1,0.1341512669,0,0.8658487331,,-24741.2041,7370.833111,58.30906895
550.7211448,0.04814243882,0.9518575612,FCC_A1+HCP_A3+FCC_A1,0.08324238409,0,0.9167576159,,-24881.56022,7235.302267,58.3178307
550.7211448,0.02814243882,0.9718575612,FCC_A1+HCP_A3+FCC_A1,0.03233350132,0,0.9676664987,,-25021.91635,7099.771425,58.32659246
550.7211448,0.01814243882,0.9818575612,FCC_A1+HCP_A3+FCC_A1,0.006879059927,0,0.9931209401,,-25092.09441,7032.006003,58.33097334
550.7211448,0.01564243882,0.9843575612,FCC_A1+HCP_A3+FCC_A1,0.0005154495718,0,0.9994845504,,-25109.63893,7015.064648,58.33206856
550.7211448,0.01548618882,0.9845138112,FCC_A1+HCP_A3+FCC_A1,0.0001177239236,0,0.9998822761,,-25110.73546,7014.005813,58.33213701
550.7211448,0.01544712632,0.9845528737,FCC_A1+HCP_A3+FCC_A1,1.829251105E-05,0,0.9999817075,,-25111.00959,7013.741105,58.33215412
550.7211448,0.01544224351,0.9845577565,FCC_A1+HCP_A3+FCC_A1,5.863585338E-06,0,0.9999941364,,-25111.04386,7013.708016,58.33215626
550.7211448,0.01543993995,0.9845600601,FCC_A1+HCP_A3+FCC_A1,0,0,1,,-25111.06003,7013.692406,58.33215727
